id,news_sum,news_pos_sum,news_mid_sum,news_neg_sum
09912c34159b1720558a419983a989f1dd2e0ed69a044ca3,6,0,6,0
175ebe5f059ec050afbd65251ecdd3b512bfbe5e62d041b0,7,4,3,0
216bd2aaf4d079240c3ac0b76f0ef4aa355d443880ba78db,3,2,1,0
216bd2aaf4d079240f5823e63d24b44dd2c58e3281b822f6,2,0,2,0
216bd2aaf4d0792410725ba5e7ca1dc32ce55767372f2030,1,0,0,1
216bd2aaf4d0792441e3b7277b9cefa0291c793d81a3c0d6,1,0,0,1
216bd2aaf4d07924429c35aadfa374ad5c993210e02e7b7e,1,0,1,0
216bd2aaf4d0792458ca0011e529060363ac177eae61e131,1,0,1,0
216bd2aaf4d07924595c1b1041acae96b2a283d5c4acc607,1,1,0,0
216bd2aaf4d079245e336a1cb6e6c79784b82025f2256136,1,1,0,0
216bd2aaf4d07924644a576172186cf53ce2a223f024a8d4,1,1,0,0
216bd2aaf4d0792484fc64abae4bc73b556eacaa153e78c7,1,1,0,0
216bd2aaf4d079248a1cb9c41425810a25d29c1fc1d1c15a,2,0,2,0
216bd2aaf4d0792498a6b2cdcc529cd2ad9e309070133338,1,1,0,0
216bd2aaf4d07924fe2675c2035c548778f9a0293ca7bfb7,1,0,1,0
47645761dc56bb8c228e3ac2adc0352fecf6632feb4208d6,1,0,1,0
47645761dc56bb8c22a3d787cc419c37bd748cb9630e098e,1,0,1,0
47645761dc56bb8c270e08c5030041b1849d06cb34dddd3e,1,0,1,0
47645761dc56bb8c2cd5efe8d1318679dff070a0f7045f8c,3,3,0,0
47645761dc56bb8c34321bedbdd12d58049eb0bd7a9263d8,1,0,1,0
47645761dc56bb8c3593d574d325d27f439fd4a8f5d4c93b,2,0,1,1
47645761dc56bb8c547e989c4e10ca1cffb30978eb872a42,2,2,0,0
47645761dc56bb8c590fc14d10b6b0baf8d325050768b166,1,0,1,0
47645761dc56bb8c5ac7fb1c413f73ab0b240b23b42a09bc,1,0,1,0
47645761dc56bb8c6216e4fc602dfd5f4da3af1dd5a3c3d3,1,0,1,0
47645761dc56bb8c71185b60943e1c1c13155dbbe362c893,1,1,0,0
47645761dc56bb8c74c9b73a98ab54507c4eed22fc606217,3,0,1,2
47645761dc56bb8c77af894de38bfe23e16fd6f8e8f86f1d,2,0,2,0
47645761dc56bb8c79dd5dc18863f7f0612fe1430acbbbfe,3,0,0,3
47645761dc56bb8c85cc35fddd52574ab1cde0999e9acf53,25,10,7,8
47645761dc56bb8c88a5015da26e7393b4ef59aff1be5bf0,1,1,0,0
47645761dc56bb8c925c85fcc94eb7123bd3664ef3c4f6ad,3,0,1,2
47645761dc56bb8c9f3d3a00709ecaa84fccb19ec555b41f,3,1,1,1
47645761dc56bb8caa5ccb8f034cc63464a68133aefb8443,1,0,1,0
47645761dc56bb8cbae778c848671312d479b531b3d22e8c,1,1,0,0
47645761dc56bb8cc4fcc2558bd723231825efa467cae116,1,0,0,1
47645761dc56bb8ccd2ea9ad513cc24944f45fd4617f1962,3,3,0,0
47645761dc56bb8cd50f918f61c0388104a5a84bae7c4adb,2,0,1,1
47645761dc56bb8ce22187c99b7efcebc000eeb4792f32bd,9,8,1,0
47645761dc56bb8ce4034b5b3a2d12beb159d10cc4c77f88,48,25,15,8
47645761dc56bb8cf281d69b650640ec54c1db03f2af6837,2,1,1,0
47e3664e12f3ce7403646c627920d872294f20a9257c37ad,2,2,0,0
47e3664e12f3ce7423ece78113f4f6c3f6fad7d9d4b2619d,1,1,0,0
47e3664e12f3ce7427499145d5891d869d8ae06a349609c6,5,4,1,0
47e3664e12f3ce745216c2593a524c91232f1d1e21b68ac6,8,1,3,4
47e3664e12f3ce74664b3af9d2c4cb13d301b992e7d32102,2,0,1,1
47e3664e12f3ce746fcfc68549dd9fee80a0055fec76dbd0,4,4,0,0
47e3664e12f3ce747c51733ff61277afc0eccbd5e6377ad0,1,1,0,0
47e3664e12f3ce74814aa2270afdc1ed8890dc0b2d92a5ff,12,9,3,0
47e3664e12f3ce74a23fa29f19e275798f1855269a57a9e2,22,19,3,0
47e3664e12f3ce74ab35df2481b7b688b15b0c7cb0b11e3e,1,0,1,0
47e3664e12f3ce74c0a0b97b4ca82e9d6adc63ca3c5b3f53,1,0,1,0
47e3664e12f3ce74cadbe11380ea157e85a4b58328d56a9d,12,10,2,0
47e3664e12f3ce74cdb8b531a03c5c6ca81856e13578ac5b,1,0,0,1
47e3664e12f3ce74ce54d009a60ef0be54404f2cca11c286,3,2,1,0
47e3664e12f3ce74d8f4a386af4934f69fb7b8326fbb100b,2,2,0,0
47e3664e12f3ce74dce04112fc95be138b2b3596ab0ce8c2,1,0,1,0
47e3664e12f3ce74e036680e98023fc46e8249d99978b7a8,1,1,0,0
47e3664e12f3ce74e900e98a454925cb4fecc35df2ecbdfd,2,2,0,0
47e3664e12f3ce74e923cbf69b18f27cd292d07fff39fcb6,19,19,0,0
47e3664e12f3ce74eb60b31f827118c4aaf898c387fdf19f,1,0,1,0
47e3664e12f3ce74f6c39eda5dffa2cb9e9bdcccbe13c458,1,1,0,0
516ab81418ed215d062552824ab83e01a30da2343c2100bf,7,4,3,0
516ab81418ed215d3921057da94a5674927133daea62cbc2,3,3,0,0
516ab81418ed215d5c4726d6223edabea38bb71ce1cb09ac,3,0,3,0
516ab81418ed215d5d35b6ec19b16f2f979c298ca240c48b,1,1,0,0
516ab81418ed215db67adf1120409f76a619e9638b463757,2,1,1,0
516ab81418ed215dc85907cd58239a33072128a886a7b355,2,1,1,0
59b38c56de38368305329808b0133b394859a230109d8351,4,0,4,0
59b38c56de383683092aa7e769ff3adc7de6cedaea34f00c,1,1,0,0
59b38c56de3836830d516269129fa3d60841ec5ed4f52349,1,1,0,0
59b38c56de383683126036938b0133d167db7c7f93a76aa8,1,0,0,1
59b38c56de38368316087c2ad693bc4b485f695d231f7fa4,1,0,1,0
59b38c56de3836831a65f3f6224792189ed4300356146dc3,4,0,3,1
59b38c56de3836831bce5874eeab9e7cbf599fadf22cfc06,1,0,1,0
59b38c56de3836831ffe3cfab41bdbde61c46826a0f2b899,2,0,2,0
59b38c56de38368321f1ff6e2222b154c64b6fdacffff9d8,1,0,1,0
59b38c56de3836832d5811269da7faf15a47ba89d1082b81,2,0,2,0
59b38c56de3836832f2773aad509e1ea66a79579f6b3ea1d,1,0,1,0
59b38c56de3836834567a3144787bd1637a2e1030cd345fa,1,0,1,0
59b38c56de38368346954a38c3726befc645bfe7529195c7,4,0,0,4
59b38c56de38368346a7529c5a079694e4d35d0432985df7,3,2,1,0
59b38c56de3836834a1eb403d76e0097b1f3fbe47c2def39,1,0,1,0
59b38c56de3836834d3e11e7471bd646a43ddef9b8647779,1,0,0,1
59b38c56de38368359f9324e01f72ec1432f11ab75d3b12c,1,0,1,0
59b38c56de3836835b954d74058ed38a1d16ddf25f3e7834,42,5,34,3
59b38c56de3836835bb43096f985fc9dad1fab41b8459caa,1,0,0,1
59b38c56de3836835f7faf639ad10d2074eb49ead123013c,1,0,0,1
59b38c56de38368365cada7173296c476e815b98f346a6e6,5,0,3,2
59b38c56de38368366c6179b055d71afd4b4de0552dbeb49,4,2,2,0
59b38c56de3836836711341768655bd5a630f18715b1cee9,24,4,18,2
59b38c56de383683805e96cfe06fe6baeffb717ff8def3f7,12,6,6,0
59b38c56de3836838259adc318783b39d43055b9e158c6d4,1,0,1,0
59b38c56de3836838537a0ff633fc8f969564a170078ce13,1,0,0,1
59b38c56de3836838c6429dad3142f27fdbf1862bc09f634,35,18,12,5
59b38c56de3836838d87425ef2d34d7f08af0c69d6d835ba,46,18,27,1
59b38c56de383683941987cdb915cc7dfe4baa2b5288e7b0,2,0,2,0
59b38c56de38368398134b711efd1eec5b5e574cecbb84ac,3,0,2,1
59b38c56de3836839d4d210595777301ec7264bb67214a9b,1,0,1,0
59b38c56de3836839f8b58ccd89a5319e73a33cc8bedec3e,1,0,1,0
59b38c56de383683a0de8e322b9016c4685846784e5fdade,1,1,0,0
59b38c56de383683a7ac4246a5618f08e1299ccef8054e9f,1,1,0,0
59b38c56de383683a7e9ce08c5248ec483fe4080f81ba18f,1,0,0,1
59b38c56de383683a8eaf0260483af592c43fec5ae1a061c,1,1,0,0
59b38c56de383683aade58b13c612d1694b00114a6e71703,1,0,1,0
59b38c56de383683aaf38f7a418e56dfdbf3debddd24cfbb,1,0,1,0
59b38c56de383683ab976406864c92c663e09cad04689285,1,1,0,0
59b38c56de383683b66ec8775abc9b3b14c720df6ec575e2,78,5,64,9
59b38c56de383683b90e19ce795c51ad711158b8be63ca74,1,1,0,0
59b38c56de383683c5e154dffd3f2ef869179af131548549,79,3,72,4
59b38c56de383683c8f4cb7b618798d744bb6c542a1faf89,2,2,0,0
59b38c56de383683c8f591dad780f505fbd7b9d617310e3a,26,0,25,1
59b38c56de383683ccb2678db0f64527691a3912c71a8d5b,9,0,5,4
59b38c56de383683cd939cda41e32bceb61ceabd655cef2c,6,0,4,2
59b38c56de383683d1aff4f53d132488a0ed1f06cca2d06d,1,0,1,0
59b38c56de383683d62cbc4ad162c7ec78f9bb0d62923feb,2,0,1,1
59b38c56de383683d7857b2badc51b4b28249d10c1f824d0,1,0,1,0
59b38c56de383683df32362bacd072b48ff202dc94878189,2,2,0,0
59b38c56de383683e1d5470aa360d1f7c226edeb9f0d3d94,1,0,1,0
59b38c56de383683e2e947476e79fcb3c08efbd5b0617cb8,2,1,1,0
59b38c56de383683e2ed21d537e7d74b7416198cbda9131a,4,0,2,2
59b38c56de383683ef705d24806a1e00367387e3126373bf,1,1,0,0
82750f1b9d122350005a4f1cbe1b514ff99055a23e2a713a,1,0,1,0
82750f1b9d12235004a2c0d2fad83b092980d860a5e7e602,1,1,0,0
82750f1b9d12235005b3b078912a095331ca98cdc9254ddc,1,0,1,0
82750f1b9d12235006bf0621ed356eba6714ef318de46ea5,1,1,0,0
82750f1b9d1223500ca32e9a7acb659bac1f84ad3f98f460,3,2,1,0
82750f1b9d1223500daebe6b2f50f214d3fd73cf7263bf1a,5,4,1,0
82750f1b9d1223501338bebdeb759cfe3c21e49514fc3125,6,2,4,0
82750f1b9d122350162e400313b9d08e40868e35eb70b1bb,6,5,1,0
82750f1b9d12235017b32da061e94c4a744918a872b4c7ba,3,2,1,0
82750f1b9d1223501e6afbd876e1031ff64b203ae2ede72f,1,0,1,0
82750f1b9d122350205a31a3523b922c44ee98c3b99633cc,1,0,1,0
82750f1b9d12235023173c46ff84e851baba9f53414a42fe,4,2,2,0
82750f1b9d1223502d515744137bd6367c9792fdb01a36eb,5,5,0,0
82750f1b9d1223502e1f9451c5dd83385612cf9ce29fe2da,1,1,0,0
82750f1b9d12235035ad8f3632856b959e013d97f2170e2d,1,0,1,0
82750f1b9d1223504430daf152e8e66f76bb8ca2e1164424,2,2,0,0
82750f1b9d122350461295096f48ac4d97f54a1d44e42f3b,5,2,0,3
82750f1b9d12235051914b2ff47de9503ecb724a0685976c,1,1,0,0
82750f1b9d12235054b066c3f0209679c4808d902404b6ae,1,0,1,0
82750f1b9d1223505926945ac3cfaf72742419dc0503db87,3,1,2,0
82750f1b9d1223505c239ef2eaa9d19d0a0479b15532251a,1,0,0,1
82750f1b9d1223505d263360d38288f9c720edb13e4d0788,1,0,1,0
82750f1b9d12235061345ef35900b240bb3bdb080de88c15,13,9,4,0
82750f1b9d122350631f2f1a07ab9386fdc3bbe8405dee2a,1,0,1,0
82750f1b9d12235067d0ad1d11dc137e1d2b901bbef51395,1,1,0,0
82750f1b9d1223506afdaaa871b53bad44c330e3807ff9f0,1,0,1,0
82750f1b9d1223506b47e8bf446f86f79993fe4452313a47,1,1,0,0
82750f1b9d1223506c73f8ac3dfd678b12bee909d037c6d2,6,3,3,0
82750f1b9d1223506cead97dbf1a457ef63dbbb634460549,1,1,0,0
82750f1b9d122350714eca4ac6dbcb6818f11be45a1f2956,1,0,1,0
82750f1b9d122350725e19a3eeb6d42a60644eed37b2078b,7,6,1,0
82750f1b9d1223507c6b8a40049ac4a32e53f38dda2d61c2,3,2,0,1
82750f1b9d1223508482f86eec175daff125745047812335,20,17,3,0
82750f1b9d1223508ee329d47e27d35176c93eb9f35e9c1a,1,0,1,0
82750f1b9d122350a3f080d8f2193a100bc7b08f10f7239b,1,0,1,0
82750f1b9d122350ab58158fa3a1b4e9fdf4d21b1779684f,18,17,1,0
82750f1b9d122350ab63f19538a8ca77f31a4b97e4a99108,2,2,0,0
82750f1b9d122350b2823d14412d6719eb9be09d2a8b07c6,1,1,0,0
82750f1b9d122350b42ffd45959e42ec22ded8c4b7788556,2,2,0,0
82750f1b9d122350bc267a4a5bf327cee80721da55e66364,1,0,1,0
82750f1b9d122350bdc60bfedf916a1e01602adb31e01a0a,12,8,3,1
82750f1b9d122350d2d6c2a325672973662ac52491ead1ad,11,10,1,0
82750f1b9d122350d448d90a9b94994fa7a22ea08304f406,1,0,1,0
82750f1b9d122350dfde64e54437519f6bc952cd0e063c76,70,48,19,3
82750f1b9d122350ed6e1da330a9d38644c4176c04eb18c9,4,1,2,1
82750f1b9d122350f46c553ce54704e58ca444adce41b112,15,9,5,1
82750f1b9d122350f9b535d35d613131e6d766c4c765643b,12,6,6,0
82750f1b9d122350fe43715671f7fe9751ce0db3f171d192,5,2,2,1
82750f1b9d122350fe5593446eac1d34b23ec5c53296cecd,32,19,13,0
85bfb0459588377ff9474795db701095c0052bf1be8555e1,1,0,1,0
a147e47c30e8c3af40846e03f1b07ff54d8991f2dcc0a9e2,1,0,1,0
c23457c354569227b50252c53ec4af6ee60f4692c031bbd5,3,3,0,0
d8071a739aa75a3b01b1f2bcbe9f21fea7a2924141002758,12,12,0,0
d8071a739aa75a3b022eb3b697a28d2bff9815af21f3e492,5,3,2,0
d8071a739aa75a3b02d7b71caeec7022d5abe6cfb03a407b,2,1,0,1
d8071a739aa75a3b04c9a1789bd657ef83e10c02b1a9fef5,290,35,146,109
d8071a739aa75a3b0d7ad0aa76862a129de1a48037c25fe5,1,0,0,1
d8071a739aa75a3b0df125683ff005a19b31e23242acd25d,1,0,1,0
d8071a739aa75a3b11b6f1bb8eadc096bf88595d586028ed,1,0,1,0
d8071a739aa75a3b1335e40e9c5696c9ad838bc0d8f55bb8,10,10,0,0
d8071a739aa75a3b13c8c98dd412e0b4427332961edaf099,2,2,0,0
d8071a739aa75a3b16922b47249bbb460583b5a58cb50d2e,64,5,40,19
d8071a739aa75a3b1832e7986283df3fa1baf3a7569327aa,1,1,0,0
d8071a739aa75a3b188d1d8add9a1ea04800bad89f53513b,2,2,0,0
d8071a739aa75a3b199af853af43e923072655cd9bc93eb7,1,1,0,0
d8071a739aa75a3b1d1024c04790575880b0ca53231f0a18,56,5,45,6
d8071a739aa75a3b1d5378ef916588ddb6c78d4ef8557ccb,2,0,2,0
d8071a739aa75a3b1dc86f0f29c84a4bc3c92904f4833ee7,25,19,2,4
d8071a739aa75a3b1ffa429d0a866956d587eb5a3bd39a07,8,8,0,0
d8071a739aa75a3b2154a0e54afedb8273341a0983491552,3,3,0,0
d8071a739aa75a3b24041c6c41a3deecb641c8326d8698f8,1,0,1,0
d8071a739aa75a3b28c8af55c61377f6dcfcbaf1af71b745,4,3,1,0
d8071a739aa75a3b2a34553e4cb1eef22406a74f7964a2dd,1,0,1,0
d8071a739aa75a3b2bb930cc5cfdf59de9f84cf3e300a6b6,1,1,0,0
d8071a739aa75a3b2be4700bb2307513a708b69637bd82e2,1,0,1,0
d8071a739aa75a3b2f5210372e4b4649df8143f2315e2c34,3,0,3,0
d8071a739aa75a3b2fc4396863818624ba65fea39578a1f7,2,1,1,0
d8071a739aa75a3b30533b6b3b9db7ecc46eaee3c558be6c,108,19,64,25
d8071a739aa75a3b31b839e66dc0327e25d4d799f58014f8,2,0,2,0
d8071a739aa75a3b362ce6065acf522631150cec15b54b80,1,0,1,0
d8071a739aa75a3b3b5900ac210175831fd123338d353260,4,0,4,0
d8071a739aa75a3b4393205d77a464f1b8a46a386ce2ca69,15,5,9,1
d8071a739aa75a3b44b64633121e6f8823d5866aa5fed4b5,1,0,1,0
d8071a739aa75a3b4583cab5aea6c59248ae651d70fb9f23,2,2,0,0
d8071a739aa75a3b48c66c7df24546d7a4e5133bcf08a440,1,0,1,0
d8071a739aa75a3b4968cb00ac0d8f117b06a0a886f45ad0,67,61,6,0
d8071a739aa75a3b496a04204f5139d7b154c7f0b3bc5bcd,93,73,17,3
d8071a739aa75a3b4c36e761964bee8c4913ebf304f93059,4,2,0,2
d8071a739aa75a3b4d861499e4fce0f340ef3a22045fef15,1,1,0,0
d8071a739aa75a3b4da73c158bf851ac7054dfde6b6e5680,2,2,0,0
d8071a739aa75a3b51191a28afad510ae2d3fe04041744f5,1,0,1,0
d8071a739aa75a3b52b3133a5dc38b78f6961061beb6d8ba,1,0,1,0
d8071a739aa75a3b538125a37e5d0b9bcf0caf81bfeca9b9,23,7,16,0
d8071a739aa75a3b53dffea24723bd9c717b4f464d846d1e,2,2,0,0
d8071a739aa75a3b54ec211c53e6609a188c05de7b3cb3fe,1,1,0,0
d8071a739aa75a3b55f79e876f3265b6f05de6e946410c52,1,1,0,0
d8071a739aa75a3b583a19bb022aca044323c53e4f4c549d,8,2,6,0
d8071a739aa75a3b58f580157c3e052f6e9bf955848e91c1,1,0,1,0
d8071a739aa75a3b5b5ae932071db5b4dcdf95bdf722bebe,1,1,0,0
d8071a739aa75a3b5bdd856bd9095b8c593f8c771b173da0,1,1,0,0
d8071a739aa75a3b5c00fbe3fd2a6e6c26a948fc8787dc54,23,1,16,6
d8071a739aa75a3b5c7383d2f0691648a5c05e9a7548db65,3,0,3,0
d8071a739aa75a3b5cd36b4df8c5423fd3fdcb309fb76a38,1,1,0,0
d8071a739aa75a3b5d66dc2d0da17dd604ec88127c690200,10,4,6,0
d8071a739aa75a3b629b27199ba00279e442338114a716bd,3,0,2,1
d8071a739aa75a3b62e02d576e90c88e499fb17351ca6e73,1,0,1,0
d8071a739aa75a3b665ca3dc61769c38a96c8bdb4f128b98,2,2,0,0
d8071a739aa75a3b6860158ec0cc8ba7972fb14ba37b9e0a,21,18,3,0
d8071a739aa75a3b6b1438c2f109f035ef674cfc2beaef16,24,3,13,8
d8071a739aa75a3b6b747823574cd3cbe8c8d6d046eff2a4,1,0,1,0
d8071a739aa75a3b6da17bf69565ede3b7445a942a5437ab,5,1,4,0
d8071a739aa75a3b6e99d1055a7a126729adf564d1f14bbe,13,1,9,3
d8071a739aa75a3b6f14f9fc77b72945a7930a49ecfbb080,4,4,0,0
d8071a739aa75a3b6f5f606f6a51a1786aae19e3a2ed16a1,2,0,1,1
d8071a739aa75a3b71ac48563cd8e77cd3a26fb9e42e1118,1,0,0,1
d8071a739aa75a3b72a470122b02ddb9f41bde3b94c67167,16,7,7,2
d8071a739aa75a3b72aef8c05bce60943768f3ca531b674c,1,1,0,0
d8071a739aa75a3b732b8306f5965c2791efeb56631c9f7d,1,0,1,0
d8071a739aa75a3b73e88d65c66774699f57d159f5872ced,2,2,0,0
d8071a739aa75a3b73ff31e3fda6e7dc8a98cf62b124496b,1,1,0,0
d8071a739aa75a3b74d3effb4d32b2a68d871c4d236dddd0,4,4,0,0
d8071a739aa75a3b751a88f3a81f2311246b4a856f5d450a,2,0,1,1
d8071a739aa75a3b7544cd05ded5677c22d2914c818388b1,1,1,0,0
d8071a739aa75a3b77b41336c43913472c6ff0807372e354,84,60,22,2
d8071a739aa75a3b797497da6023cbaf305179f3e0cb2254,3,1,2,0
d8071a739aa75a3b7a198fe026092cd4d98aa6023a9f2b79,6,3,2,1
d8071a739aa75a3b7a645a06a234765e8c2ab7514abd69d8,1,0,0,1
d8071a739aa75a3b7cf783e089dd450372f3e796d59a6b28,1,0,0,1
d8071a739aa75a3b80081fb140014adb52eb78548228e560,6,2,4,0
d8071a739aa75a3b806b25a4b13f1c7f52e317c2d6339ebd,1,1,0,0
d8071a739aa75a3b80b149bb043c0ce576a9beb64ec2c9b5,1,0,1,0
d8071a739aa75a3b844df68eac75bf0a7782e1234ca7102e,1,1,0,0
d8071a739aa75a3b858e2359da3d8c8ba24899c74daa22f1,1,1,0,0
d8071a739aa75a3b85eb89a4fca1f43b42b89110307ea323,2,2,0,0
d8071a739aa75a3b868e47ac860169d35c12f2dd06c0ee1a,7,3,4,0
d8071a739aa75a3b88b54c214e2623a1ae9aa2317c381c1b,23,5,15,3
d8071a739aa75a3b88ddae1e565099906efb4e5188101a05,1,1,0,0
d8071a739aa75a3b895933a7b507f26348f02540c04274e7,5,4,1,0
d8071a739aa75a3b8d0feb1fd4c0f3af1b55a94307e75971,1,0,1,0
d8071a739aa75a3b8d67eb4bae4ab5d506f51c92912806c4,35,32,3,0
d8071a739aa75a3b91978970bf283fb96e0c06d08f3d4c79,4,3,1,0
d8071a739aa75a3b9204d40f761940804d597a4764be3ce8,1,0,1,0
d8071a739aa75a3b92a34f4309492f4672a5fb7390b07691,2,0,1,1
d8071a739aa75a3b93c65297b0ab302c086b761a3ee3b2d5,2,2,0,0
d8071a739aa75a3b94d48d5333270e12ebec4051389ce852,1,0,1,0
d8071a739aa75a3b966e8ff44f96c644469ed3cab5e95fbe,16,11,4,1
d8071a739aa75a3b9832faf149451021c0922642d1386853,1,0,1,0
d8071a739aa75a3b987a63715a9aa9eed552a92c8713a5ac,2,2,0,0
d8071a739aa75a3b9b709e06154ca9bbdd229eeb690eb7e4,4,1,2,1
d8071a739aa75a3b9bdc24a9b2c8da7da1fed5ec386dfb82,2,1,0,1
d8071a739aa75a3b9c0d2e2ba34c82b20b578efd144f5f48,1,0,1,0
d8071a739aa75a3b9da6ffbf30d58f14526bfa5867fb8ceb,2,2,0,0
d8071a739aa75a3ba6a85400907c92525bd28c5ddf9b90bc,1,0,1,0
d8071a739aa75a3ba7081670d9e2402aa8b49051d97b51d8,1,0,1,0
d8071a739aa75a3ba757cdd327d5d9dfab275ee5114a36e4,1,1,0,0
d8071a739aa75a3ba99a596dc0205f927299cb05923e1c47,1,0,1,0
d8071a739aa75a3ba9f33e9cc1ec5eb91cd6e573c1fd5b7f,1,1,0,0
d8071a739aa75a3bab56b1d403c50e39e10c7cdd8f9a2336,2,2,0,0
d8071a739aa75a3bace1abbc4c8cd97d0cee06b2fe4332c9,1,0,1,0
d8071a739aa75a3bae5e87ec1a65ea4421abc76facef4f51,4,0,3,1
d8071a739aa75a3baf6ad413a40b5bf6dc8531485cf8b662,1,1,0,0
d8071a739aa75a3bafbe4c468eaf2269914e5ba88206c944,1,1,0,0
d8071a739aa75a3bb0715404237a546a574651573097ba03,6,4,2,0
d8071a739aa75a3bb1ade20b144acdedf7b8ef0c80e2334d,1,1,0,0
d8071a739aa75a3bb574df9edeb7d152892dc454f3195d2f,50,27,22,1
d8071a739aa75a3bb74e53523d9b03678e70d28cab441c1d,1,1,0,0
d8071a739aa75a3bb788e0e02b6edb526449c14b7a744408,2,0,2,0
d8071a739aa75a3bb7b97e9ef08c9b2ba265ebf779d28bf2,1,0,0,1
d8071a739aa75a3bb8220bd74d5eb196f26652c638b8c52f,1,0,1,0
d8071a739aa75a3bb94be2266bda7f80d055485238aa7549,13,9,4,0
d8071a739aa75a3bb98b032a18ae492bb8cf7ad9e0c23acd,2,1,1,0
d8071a739aa75a3bbc7429400cb9889ba8651576e86b2a86,1,1,0,0
d8071a739aa75a3bbcc11b4fb4f67fdc9bb692c62e2fea9d,2,1,1,0
d8071a739aa75a3bbe65b2915a315066060406455ed5afe9,1,1,0,0
d8071a739aa75a3bc06c7f8a04d81fa48f1043540ba6ef13,2,2,0,0
d8071a739aa75a3bc1b06c2b6a880a629e8ea92202cd20a6,26,24,2,0
d8071a739aa75a3bc1f852960277749616359905cea80259,4,2,2,0
d8071a739aa75a3bc2553d23a2df173839871e681e96cf7f,1,0,1,0
d8071a739aa75a3bc34f85b3554b6c179c76dfa6c149fa10,1,1,0,0
d8071a739aa75a3bc3f6a564a00c03994bb4317802bb29db,2,0,1,1
d8071a739aa75a3bc42504f1322f0a156b5c2604cdc684e6,3,2,1,0
d8071a739aa75a3bc798b771c9dfb33c642c63063cb04030,4,4,0,0
d8071a739aa75a3bc7e7d6912ec5f98a9642b68922642737,1,0,1,0
d8071a739aa75a3bc883b3dd64c3081ac45cc6ed959f5559,9,8,1,0
d8071a739aa75a3bc8b1cbc0701ffbf91045921a9fc588cf,33,30,3,0
d8071a739aa75a3bca6d5e1ef3530409d814ada318e634d6,3,1,1,1
d8071a739aa75a3bcbb2a75949418a5df334a5f1c4d54ac5,1,0,1,0
d8071a739aa75a3bcc63701d904ec0481d2a043254e8bfa8,13,4,3,6
d8071a739aa75a3bcd8eb096eba645f1bb79f500e0f8518c,2,2,0,0
d8071a739aa75a3bcf6fb0041ee883243251d30025ab9d45,1,0,1,0
d8071a739aa75a3bcfa19fb717fec05495d9a707bdef3bf9,91,85,5,1
d8071a739aa75a3bd04b6b4686684175b629601a7dda6a04,15,15,0,0
d8071a739aa75a3bd42459dc5b6b11c461bcf55a799fe89c,1,1,0,0
d8071a739aa75a3bd47c591d7f25ec3957d79e72d2d4b524,18,6,6,6
d8071a739aa75a3bd989fce584349852f34afb141573b98c,1,0,1,0
d8071a739aa75a3bde9d5d472d84c4de7dbbb69a798f3476,1,0,1,0
d8071a739aa75a3bdf63abe0441507d976ffe0e6651ae5d6,1,0,1,0
d8071a739aa75a3bdff20d27bb5fcaa82b54dfb1b44d1203,3,3,0,0
d8071a739aa75a3be1fa5eef025fbccc7fbab4860b14ea12,19,10,9,0
d8071a739aa75a3be21c7db02e78e17e03e99dfffdbb3bfd,1,0,0,1
d8071a739aa75a3be34e73a1339f8a1639bf13e49bbdee27,10,2,8,0
d8071a739aa75a3be50b83fcb8f5af8f48460b82447043bb,16,14,2,0
d8071a739aa75a3be6f3e200fd5532cb96764b8f4623c75a,1,0,1,0
d8071a739aa75a3be837a17b0342804d3e6fa8d2535a2a67,1,1,0,0
d8071a739aa75a3be9ca9f92ca1a9e68d46b7a1c40e19607,21,18,3,0
d8071a739aa75a3beb6400d7da6229e0233231ea8ba763f7,1,1,0,0
d8071a739aa75a3bec3627e3740d90cd79da331d46062819,30,16,12,2
d8071a739aa75a3bedd5ffcd008a7e88c07e1363e21b00d2,8,7,1,0
d8071a739aa75a3befd832f072f8dd7cddc96fb774c4251b,1,0,1,0
d8071a739aa75a3bf0bd2aca4b6060d92ba5411ec06f460b,1,0,0,1
d8071a739aa75a3bf59ea3aa41952421dd237b7ba8f11337,1,0,1,0
d8071a739aa75a3bf88d84d6bb36dde8603f2553a19aa03d,3,1,2,0
d8071a739aa75a3bfbaa9dc12a1b869c76a91bb264c7c48b,5,2,3,0
d8071a739aa75a3bfc9143df38c6966e71af4ff265547a81,3,1,1,1
d8071a739aa75a3bfd9a9c13478387a9f38b5bbe152a9750,14,4,10,0
d8071a739aa75a3bfead9c8d3fab2fba8af44ccca3cd119c,1,0,1,0
e31b185b08a2c2e13f761dba74c1e04d0612d77078e946ce,37,36,1,0
e9f7b28ec10e04700251c33a8cf7afb41de4f226023b36dd,1,1,0,0
e9f7b28ec10e047005eec1a07b716d63fac8742cbdeacd46,1,0,1,0
e9f7b28ec10e0470081ebf12902fbe33a8794317dd5afee0,2,2,0,0
e9f7b28ec10e04700966f165ed280c284d2ced2ecb3a00a2,1,1,0,0
e9f7b28ec10e04700ada07b2c28fbaec7d76529613d8cde2,4,3,1,0
e9f7b28ec10e04700cb0e1053b2a4cba5cac6f61807c84ed,2,0,2,0
e9f7b28ec10e04700cd2abc05aefdcdb17c82720892c632e,3,3,0,0
e9f7b28ec10e04700e55d382f0df058a56c7dda8e98ac55b,1,1,0,0
e9f7b28ec10e04700ead63e76e5245240f454aaf65f4499a,3,3,0,0
e9f7b28ec10e04700ed38c006dc500f2d701e2a52ba23f4e,1,0,1,0
e9f7b28ec10e0470115e3161eff5eced92f2a588d88ed228,1,1,0,0
e9f7b28ec10e0470140c931605dcff11884a827e83661ce5,1,0,1,0
e9f7b28ec10e047014fe828fdb7abdda95e44ba69de67315,1,1,0,0
e9f7b28ec10e04701caaeaad38bde95216152f031873cd58,3,3,0,0
e9f7b28ec10e047020d0a481ac1ee489b40fac4a2c46caea,1,1,0,0
e9f7b28ec10e047022acdbc599d93161b48acb78d152ef70,4,1,3,0
e9f7b28ec10e047036ecf3701c5e3d58d703c0b8192f1e68,5,5,0,0
e9f7b28ec10e047038183d9520a69501b3010ef22e9662b2,1,0,1,0
e9f7b28ec10e04703b55428da6d95118b14493ecdddb472b,3,0,3,0
e9f7b28ec10e047042b9e77c118885c768fdebd6e975d4ed,1,0,0,1
e9f7b28ec10e04704f6a779ca9a589e6a47626a2176ce2c3,2,0,2,0
e9f7b28ec10e0470548611c57737acb563f34415ad4451b1,1,0,1,0
e9f7b28ec10e0470555c392bbe9d25064262d867fc81de7b,2,0,2,0
e9f7b28ec10e047057c29b3d4517ca9fd23061edc1d76f25,1,0,1,0
e9f7b28ec10e04705a5322daf7629535f2912b8bee0bec6d,1,0,0,1
e9f7b28ec10e047061f3e00394f201acf7ad3709ac8ff2dc,1,0,1,0
e9f7b28ec10e047062bc911b1f8d98776d3824138119ec84,3,2,1,0
e9f7b28ec10e047064c0cfe76fadd71f3a6751006c453f7d,31,19,11,1
e9f7b28ec10e0470667a608691e51c47b0de02cac7d5dbae,1,0,1,0
e9f7b28ec10e047066fafe6eb50fd5c4d7fd618ed9ddecf7,3,0,2,1
e9f7b28ec10e04706767c5f40b752b1a78f409460d7f7606,1,1,0,0
e9f7b28ec10e0470691f25bd0b97136dd385eb8f36c87d07,11,5,4,2
e9f7b28ec10e04706c9a98ff806d16b80387698527207a02,1,0,1,0
e9f7b28ec10e0470717344f0b6cc7b4dcac27194e099bf12,1,1,0,0
e9f7b28ec10e04707381146e3e09e3073ea4776bbf36cd35,42,5,36,1
e9f7b28ec10e047075b0a6ff4f0118a004c1c370302c3fba,3,1,2,0
e9f7b28ec10e04707926cbe77eb9b12c1ac05b9b7747cd27,1,1,0,0
e9f7b28ec10e04707ba878b89e6c2d362b107a817342f9c6,21,3,18,0
e9f7b28ec10e04707fed1ae8ec45d9afe4b5c3f63c261373,1,1,0,0
e9f7b28ec10e04708b595fcaf4c1eaab1834f06dc560e0b0,2,0,1,1
e9f7b28ec10e04708cf1cc7451ba3008f9232249d39aaa3f,2,0,1,1
e9f7b28ec10e04708dd007320afd4d5d0a478147c382ae7f,1,1,0,0
e9f7b28ec10e047091a1bb26324a23faebe5ff3bfd7ae091,8,8,0,0
e9f7b28ec10e04709258b9d70c53e5a442317d704a68dd51,1,0,1,0
e9f7b28ec10e0470929ddbd5b2606af10ee1882a2706389c,4,2,1,1
e9f7b28ec10e047094ea2646796ac4f764ad64d99fdd4e3d,4,0,3,1
e9f7b28ec10e047096b3d22ede4e189860b22ed7e5bdad42,1,0,1,0
e9f7b28ec10e04709a65711ee6a16104c7431a9c4538cbe3,1,1,0,0
e9f7b28ec10e04709f38ac4b8738ce4ae8504009be889688,1,0,1,0
e9f7b28ec10e0470a4248839680bcbf6b3ac9e131a002463,1,0,0,1
e9f7b28ec10e0470a6e970e425614a7cf3ffb6814cdb8bfa,4,4,0,0
e9f7b28ec10e0470a755b8de4c6082ab69d31c223f6e22f0,1,1,0,0
e9f7b28ec10e0470a84afe39b61c2b60f539eafbfb9ea30a,17,15,2,0
e9f7b28ec10e0470a902a7db4ba18c15a3e15906a96a3a53,1,0,1,0
e9f7b28ec10e0470aa92a4d0dc23508ce778acf02e71b470,2,0,1,1
e9f7b28ec10e0470ab0315422c39031f29db5e02dffb84f9,1,0,1,0
e9f7b28ec10e0470af589401e5b58ef9bcc3a0bce8863ff2,2,2,0,0
e9f7b28ec10e0470b1404a36a881bef6e1391742c422badf,5,0,3,2
e9f7b28ec10e0470b18dca8864f17f95e8cb7e789e5e40d7,1,0,1,0
e9f7b28ec10e0470b3ffc691512d893595abbab2397c6247,16,14,2,0
e9f7b28ec10e0470b4d01abec0f15e65aa7f7e72c088dfcc,3,3,0,0
e9f7b28ec10e0470ba957e507133bfd03ff4fd49926766b8,2,2,0,0
e9f7b28ec10e0470baac72348ed6fc2b8b2518a43e74904c,1,1,0,0
e9f7b28ec10e0470bad75adfe951604e82d92423dece5c56,1,1,0,0
e9f7b28ec10e0470be24d1a7d52ca3dd8901bb3a26182f3b,8,5,3,0
e9f7b28ec10e0470bfdc4583fa5944093e4d82ccf744c452,2,1,1,0
e9f7b28ec10e0470c15c7555789f66595ce5e7625890b705,3,1,2,0
e9f7b28ec10e0470c5717d6ebc06cd63604681ea4a7e17a4,1,1,0,0
e9f7b28ec10e0470c7f2b256066759b19b4b9c4253c96564,4,0,3,1
e9f7b28ec10e0470d02593e2d2772449b18b12c9184268f7,2,0,2,0
e9f7b28ec10e0470d1067aea26369d39ad885fcf00f54dd0,3,0,2,1
e9f7b28ec10e0470d835363960e4f8301550975737e72172,5,3,2,0
e9f7b28ec10e0470daffde3abcf66d6d049480acaaed4dea,1,1,0,0
e9f7b28ec10e0470dcf0c40c2435af5ab4a0cd94b368ab8d,8,1,7,0
e9f7b28ec10e0470e20f538eef11ee4e092e7360798e3cff,1,0,1,0
e9f7b28ec10e0470e394635c946731089e1dbaaf2973a1eb,2,0,2,0
e9f7b28ec10e0470e4ad3cf88c952921c1cf2997d30dfd9b,1,1,0,0
e9f7b28ec10e0470e6d2cd5467a2bd1fae26ea23adda1b4b,24,1,21,2
e9f7b28ec10e0470e7019fcd9ace8cab77691691764c6e10,3,1,2,0
e9f7b28ec10e0470eae936bff661e916e96f05009adc0328,1,0,1,0
e9f7b28ec10e0470eb00dc9aa79bbaaab9a238f8c7fa8222,1,0,1,0
e9f7b28ec10e0470ee9246d536e53c32b2d5a56903016d83,2,1,0,1
e9f7b28ec10e0470eec043a39f8979442ed7d98bbd7aa220,65,40,23,2
e9f7b28ec10e0470f6299615749b2ef8b187b4614caed384,1,0,0,1
e9f7b28ec10e0470f67f96b66cd0a999a8e4d928792244a3,1,1,0,0
e9f7b28ec10e0470f6a66a96c2476c394680d67c2c7fc71c,6,2,4,0
e9f7b28ec10e0470f9eb3f936a594f068c02593b5b340e15,2,2,0,0
e9f7b28ec10e0470fbec4bb6a996ceae10b65052a0f9344f,1,0,1,0
f000950527a6feb60152e9c62a09c29c457f9e3ae42725a9,1,1,0,0
f000950527a6feb6016250f59b6dc22d845c01b75852eee8,5,0,3,2
f000950527a6feb6019e77db118b1cc7d511aef477a21505,1,0,1,0
f000950527a6feb601c0c275ba5697c3c886f0182311ea26,97,9,55,33
f000950527a6feb60206739a9bae1d09ff30b65d731999b9,21,19,1,1
f000950527a6feb6021414e7554476d0cf027e4d1dc3e864,6,5,1,0
f000950527a6feb602714300008201155b46fd74feb56de5,1,1,0,0
f000950527a6feb6028410ce37053607643b5b1b484faff7,156,70,75,11
f000950527a6feb602d505482c9160819b1ff4a9db67ff42,3,0,3,0
f000950527a6feb603ace7d564e4361279b8d6a3531789a4,4,0,0,4
f000950527a6feb60419d7127aa8b205dba3c4f8d90320a9,2,1,1,0
f000950527a6feb60424f976b77c46bc9d2e0eee12f67855,3,0,3,0
f000950527a6feb6051b43a0921dd70a4affed5c08359b25,9,4,5,0
f000950527a6feb6054ca111aa783c3419167e75982abcc4,1,1,0,0
f000950527a6feb60607775d3868ccbb1d0755f4cdf26d5c,1,0,1,0
f000950527a6feb6069216337b140665e71439a3350100fc,1,0,1,0
f000950527a6feb606f753a4623893e1c514ba901d0f5758,11,4,7,0
f000950527a6feb60762e93c7a2b7a75e69839bc7b5babf2,9,9,0,0
f000950527a6feb6078c112f48b2c16e438bda8f27366f13,1,1,0,0
f000950527a6feb60824efcd2f1495dea06d84427724bc04,1,0,1,0
f000950527a6feb6082c55f5783953039e2d4d7ec246ee25,2,2,0,0
f000950527a6feb6089bcc78b8622931605f624c6326c1b0,1,1,0,0
f000950527a6feb609c929ccac99cdb069e1c097209051eb,5,5,0,0
f000950527a6feb609f5138140390f9ef50f52674b318ebf,2,2,0,0
f000950527a6feb60a0bc8b080bc91fdd08e5bb87aefb1e6,1,1,0,0
f000950527a6feb60a1c44d64d8bc8d99a38b6614080ef0f,2,0,2,0
f000950527a6feb60b0512bf99b49a719a5cefe583ca9a97,1,1,0,0
f000950527a6feb60bab59d37a85acd4d737c73c29bc92c1,1,1,0,0
f000950527a6feb60badd0294fa9fb2ce151ed4bfa3d5ca5,2,1,1,0
f000950527a6feb60cc3c9eb2fabc68ab6739e124da9585d,3,1,2,0
f000950527a6feb60cdcf31ed0a705427d857d9ba07a47e5,11,5,5,1
f000950527a6feb60d6fff74b0645451725e2ebe8d3bb3a1,1,0,1,0
f000950527a6feb60dcb6f177ab9cb9bafaea45b2fa411d2,35,6,27,2
f000950527a6feb60e611290b4130982cd53ffb72e3b9342,1,0,1,0
f000950527a6feb60f239c45a33a8b17b66843e689ad78c9,1,0,1,0
f000950527a6feb611dbe968e813b57c83418244ff1b4edb,3,3,0,0
f000950527a6feb6121b1c153ac0f6df31e105e4f0778877,6,0,1,5
f000950527a6feb612494066fde67107e6483ba74353221a,7,6,1,0
f000950527a6feb6132d97a1cf0ae1c920f5e9ebdca0295a,7,1,5,1
f000950527a6feb613caefe2929fde6944b29ca6a4ac83a4,1,0,0,1
f000950527a6feb613e46c498621b88852a1390ea035abf2,7,0,6,1
f000950527a6feb613ef497d1752df483042012b66437b9f,1,1,0,0
f000950527a6feb6146e42a8bc810679cb58931328338067,3,2,1,0
f000950527a6feb614b8a0d14d54d5f6850c8ffdb98ac1be,6,0,6,0
f000950527a6feb61527ecb14242d88750b4e2866ec10b29,11,7,4,0
f000950527a6feb6157903c2182d76328fe2f309e0ff3cdb,26,23,3,0
f000950527a6feb61708863154e43572c53e72f0efd8fca5,2,0,1,1
f000950527a6feb6179a6e76a42061cb8aa1bce250ee9f53,1,0,1,0
f000950527a6feb617e11b5c29002edf3c76447549fb6f8b,1,0,1,0
f000950527a6feb6180d09cf7716eff56c6ee1b3f6ef1072,2,2,0,0
f000950527a6feb618a9e2369f4e910a9ac211cea2966604,11,10,1,0
f000950527a6feb6190865ff8df4d76f18db89d6b06c54b1,1,1,0,0
f000950527a6feb6192e0daceffecc1db9181b26f207b762,25,11,14,0
f000950527a6feb6194eb25023f715fa9ec0166d20cc8aed,215,48,136,31
f000950527a6feb619c720cd84dc8dc21f4579aacd07d20d,6,0,3,3
f000950527a6feb61a0bfb36dd48b64c8d5c4746046c6c49,1,0,1,0
f000950527a6feb61a985dd77b8c61631416469e9e21c169,1,0,1,0
f000950527a6feb61b6d1bf451d0cce2633558fe047e6a9d,1,1,0,0
f000950527a6feb61c3d49a86504c08e8745abd82047cfdb,1,0,0,1
f000950527a6feb61d2b8189744a3d75c350def2b4a8da53,1,1,0,0
f000950527a6feb61dcbfb51f4e65251d168ff352d5d8f13,4,2,2,0
f000950527a6feb620a50d7e39c100de8e1d46a864bafaf4,1,1,0,0
f000950527a6feb620c85824fe520079c8c420f666c225e9,2,0,2,0
f000950527a6feb624fe5a6554c8dc87bb35139edbe6a09c,1,0,1,0
f000950527a6feb62622680e01dbb283cfdbfbb9ef7d32d6,4,4,0,0
f000950527a6feb626274f77c27104b778473f5d64a38ae5,6,2,4,0
f000950527a6feb62669d6a175fe6fdccd1eb4f7ca8e5016,1,1,0,0
f000950527a6feb62769b9a2314d14034d356fef85f073e6,2,1,1,0
f000950527a6feb628a12842791d9627f5ea7fb4a2e00771,2,1,1,0
f000950527a6feb628babfd780262726c45ed09add5ec628,1,1,0,0
f000950527a6feb6299c819ae0918f46a82834a212111c26,50,28,15,7
f000950527a6feb62af8e841fd0732a19d014d04c583f924,7,5,2,0
f000950527a6feb62b1cda4d191758810005e07366b7c855,1,0,1,0
f000950527a6feb62b53cc5f1c857d46b865f06ccfb7cb36,8,7,1,0
f000950527a6feb62b926e02377da277d1fc8acea05544fd,1,1,0,0
f000950527a6feb62cb96f4717d1cac1f493f32316ba4566,2,0,2,0
f000950527a6feb62d929c78f7963ba317a926419cb78189,5,5,0,0
f000950527a6feb62d99fe457039c2553ef438f4620cc8a3,1,1,0,0
f000950527a6feb62da77d820dff1086e181025c764d36d4,4,2,2,0
f000950527a6feb62dce8351c5100beefd80b5472312b002,5,4,1,0
f000950527a6feb62ecb7260a36d82ccd1e3125eb26888ef,8,7,1,0
f000950527a6feb62f149189ece3a08205a1c9a27bbdf8ed,7,0,7,0
f000950527a6feb62f5ef111fbcf0012fe68ef8270fc6bae,1,1,0,0
f000950527a6feb631848cf3ac1cb4f6945550d489744cf0,1,1,0,0
f000950527a6feb6322b29f193641975c550456cd9737aa7,2,0,0,2
f000950527a6feb6330207f06689b95c43aef44b6141a8ea,7,1,2,4
f000950527a6feb6331816928d140d4ca759eadfd3822c32,1,0,1,0
f000950527a6feb6339ff9e6f223254a9872f04fe7c7efde,28,0,0,28
f000950527a6feb633ddf994f830bd15ffcc6a51fc20d9d5,1,0,1,0
f000950527a6feb6352c62bfcc0f38dfd97ef96919891482,2,2,0,0
f000950527a6feb63548d2398f59dbc0e4f58f80aa5222c1,30,18,12,0
f000950527a6feb636ee5d7b14722a46c124ec8ef12fbcc7,1,1,0,0
f000950527a6feb63702b1f6c1dabe5ea196d320bbbff425,1193,655,487,51
f000950527a6feb6371074829dc7720d830ef68d4dc405b1,3,2,1,0
f000950527a6feb6375809f26c0e7fa103f56259da2e53ac,160,59,89,12
f000950527a6feb63777984c67c18704a834045c17b25a88,5,4,1,0
f000950527a6feb638194f573fdcf5a73a238bfcf3a8d836,11,5,4,2
f000950527a6feb63837cba9eb06ef53fcb936ace7e8526a,2,0,2,0
f000950527a6feb638955761de6610bb8a3771b10f8b7b19,2,2,0,0
f000950527a6feb638aeba785d5a00553e6d23af2e0add21,2,1,1,0
f000950527a6feb63920bea8b3e325d5c6b51003bfdb2202,1,1,0,0
f000950527a6feb6395d1c41913884e66cb66a349ae4ba41,5,2,3,0
f000950527a6feb639e756c08836639efe8b89b9e73a0a1d,1,0,0,1
f000950527a6feb63a02d2158780f6fb08b92a1b10831e6a,1,1,0,0
f000950527a6feb63b1760c99d8de3397a97e3e79943d7dd,7,4,2,1
f000950527a6feb63b286fdf047ae1f0c846c151505173dc,1,0,0,1
f000950527a6feb63bb3c54bb23e0f1800f48c86d5010af8,1,1,0,0
f000950527a6feb63be42c1c1e53c77713f702e9bad16317,5,3,2,0
f000950527a6feb63caf6cbe19d99ce3b9e044dd01e76fff,1,0,1,0
f000950527a6feb63d46c43216eb4dd1aae4b53f6c3eb6f9,1,0,0,1
f000950527a6feb63d7e013852916e78deab09a336b4f1c6,1,0,1,0
f000950527a6feb63e2dfa043e2ca0c66f1b359e61010b60,6,5,1,0
f000950527a6feb63fea6fdf0bc414d98eafab5bd8c0c664,10,0,1,9
f000950527a6feb63ff7c829d50a56d9072b0b037f619d67,7,2,5,0
f000950527a6feb6402769be107eefe1313cf8ee6110f0fd,2,0,2,0
f000950527a6feb640ca79ba0d2a463d8af8b2328d6d1b28,17,6,10,1
f000950527a6feb6426a3d8061391e354358d826b47e297f,15,11,4,0
f000950527a6feb64461bfdfeb1664521bc14b5b5c58ebdd,1,0,1,0
f000950527a6feb644f9c124b1ac318545830c35986a83f1,3,2,1,0
f000950527a6feb645239be8b78a466445578ec5d4bc6663,1,0,1,0
f000950527a6feb645f8a640fd2c6306f9023d625c21c5bf,4,3,1,0
f000950527a6feb645ffbc794f6bdce87db14104c7bbb2e3,1,0,1,0
f000950527a6feb6463b6cc55415c315401115c2cb9ca932,16,10,6,0
f000950527a6feb646a856a67cdb42701e657b91b543d3ba,43,11,26,6
f000950527a6feb6474a66a807a8eae904be1e38def06b81,1,1,0,0
f000950527a6feb64823bf1837cd12479ddef54110bd96f0,14,10,4,0
f000950527a6feb649538aa2de20996679f6d644f9433c1b,9,8,0,1
f000950527a6feb6496116676f3c558719bf256cf2ab819e,1,1,0,0
f000950527a6feb649c5cb71c109c6f5dee4c05115258790,7,0,3,4
f000950527a6feb64acd15ef01e228641c4ae81847a40bce,2,2,0,0
f000950527a6feb64b277f2928d2f7060c0fe4dc9b1656c8,112,100,8,4
f000950527a6feb64b3752f5c5bd7590cffa584b60e38ac2,1,1,0,0
f000950527a6feb64b389288e2d54a154d93c832c4e9e151,1,1,0,0
f000950527a6feb64b9b5d46deab4dd052617fbb244a0508,7,0,7,0
f000950527a6feb64bb46261102c99ac0c11ee644bc67487,3,0,1,2
f000950527a6feb64dbf37dbca2325c9bd90f03705d4fabc,2,0,2,0
f000950527a6feb64f2d2faa5a702172f4865679e49897c7,1,1,0,0
f000950527a6feb64f749f4e12abb7074ab5717ea0fd6da1,1,0,1,0
f000950527a6feb64fc419d085f71c8f19e9af486f0436e7,2,1,1,0
f000950527a6feb6501a4840649c985816c6be5d44f1a75a,2,2,0,0
f000950527a6feb65146f8175d797743a0c75e5a2f6f8920,2,2,0,0
f000950527a6feb653617b3907115bbd3d015e6b82f4fb94,58,26,28,4
f000950527a6feb653f512b993629057c30b0e05a760ffde,19,16,3,0
f000950527a6feb65413e017f224744198ee2426833ae97c,3,1,1,1
f000950527a6feb654687a58ceb11e69356c452b21db2519,13,8,5,0
f000950527a6feb65472356f5c22bf7e07cf6b7631cdb220,34,32,2,0
f000950527a6feb654eee0ba4611f24595852c16b887cc2b,3,1,2,0
f000950527a6feb656885754289f4eb2d8cfb124b690a6cc,1,1,0,0
f000950527a6feb6579fe676eed818bdba055bb5a5596f14,1,0,1,0
f000950527a6feb657eec8d68ba92cfd7e14c75b774cd97e,1,0,1,0
f000950527a6feb6582445c5f47f3de20c5c9399f5368ccb,24,13,7,4
f000950527a6feb6582b866d489136b6305d3bfe2f2b4c14,9,8,1,0
f000950527a6feb6586294ba6fcd8206e30e0cdfe32258ee,28,23,5,0
f000950527a6feb658de55f2b770c5e79da19e67ae6083f0,1,1,0,0
f000950527a6feb65929509d9be855bf75b7337d4465843e,2,2,0,0
f000950527a6feb65a2c317b9b3c7f9aeadb42aeda1d5f31,5,5,0,0
f000950527a6feb65a479e993c1352e55fdd914501a03ad9,12,10,2,0
f000950527a6feb65a7f20a461b41c6d5fc5869b32290985,3,2,1,0
f000950527a6feb65a843742d8c2bc17eb2986e69af7ccf4,96,79,17,0
f000950527a6feb65aa8ce142b29d91d31b1fd240b4a3f64,1,0,1,0
f000950527a6feb65ab7dddb7334ecf0c30d941bc18342a0,12,9,3,0
f000950527a6feb65b0dc7577aec413695a3d13ee7c3041d,3,0,2,1
f000950527a6feb65bc3aa7167200f25036e4dd1f77d04ca,14,0,11,3
f000950527a6feb65d0ca53a7d75f3a042b07023f0aa76ca,2,2,0,0
f000950527a6feb65d7b78c07d7abe9a7dad88e9a4e29bf0,1,1,0,0
f000950527a6feb65ea230a20e22daf51fb241e268948e36,1,1,0,0
f000950527a6feb65ee993b38831373b0c660b299327f8aa,1,1,0,0
f000950527a6feb65f6d7651c733eec32462faec3991641f,11,11,0,0
f000950527a6feb65fe99fb1e92b89dd5328db072eab18fc,2,1,0,1
f000950527a6feb66105bfbb5f80ae92bc45322a9f94a130,1,1,0,0
f000950527a6feb6610d6ef98ee15b8eb434fbf19e675341,2,2,0,0
f000950527a6feb66148dd73103d9eba9900eceb29a6cebe,12,0,11,1
f000950527a6feb6614bb401c57fe563dfbe55239da05627,8,4,4,0
f000950527a6feb6619c686ca02860359ff447ccd8a86690,25,8,17,0
f000950527a6feb6619f7ea3bdf1bf1ae37dafdeb25699dc,2,2,0,0
f000950527a6feb662056107ad83b2d8a4a8e6d9f775695a,7,7,0,0
f000950527a6feb662637b4baea9a4f841587f2ea65aaa52,1,0,0,1
f000950527a6feb66357b2675cf8635c3ce1728ef1f7c314,2,0,2,0
f000950527a6feb6646bd5238ef6d8329c713c75a2405940,1,1,0,0
f000950527a6feb665893a24826f7e6c6e5bdc6ddd377f42,1,0,1,0
f000950527a6feb665f967875d280df7a0c2a5b2a08b30d0,3,0,0,3
f000950527a6feb667bc99814f50349e3e5210f7ab286cdf,6,4,2,0
f000950527a6feb667e70f76f76f712b90729ec3dcde8cc7,8,7,1,0
f000950527a6feb667f3a09aab6b523228bdc8428c2f94b3,15,6,8,1
f000950527a6feb668279985d34439f90bf750e4bc119aa6,20,16,4,0
f000950527a6feb668eb91fe3f99c45bcfbd2ee10a767091,1,0,1,0
f000950527a6feb669349921709661bfd43b3fda0e5aa27f,2,0,1,1
f000950527a6feb669584af9f6d5d98d5e16f8f8dcf4f2ce,7,5,2,0
f000950527a6feb66999919ac1ecf117b9b5cf80fa2457f9,1,0,1,0
f000950527a6feb669a496f32db62c512acee476b1f198b7,1,1,0,0
f000950527a6feb669c116460bdb35a5fe509254c6dee842,2,0,1,1
f000950527a6feb66a445d954a04e70623432879b0e6cbc7,1,1,0,0
f000950527a6feb66a6a04e3404d3fe8d5b0b0b143a7d2ab,185,124,55,6
f000950527a6feb66a954dc2c2da8340c3365aacf5d29a38,1,0,1,0
f000950527a6feb66a96140159b73a2137642a4fbbed68b6,2,1,1,0
f000950527a6feb66b030af6f948fe6434d2b68d76dda2ca,5,3,2,0
f000950527a6feb66b5722020d03e0fa9eb97198b9a6a16b,1,1,0,0
f000950527a6feb66bb5f9acffdcb3e8e6c329c7a1e39ebc,1,0,1,0
f000950527a6feb66bcfbc7beb9f684b7063ac72ea8cb92b,1,1,0,0
f000950527a6feb66cf20947c1f09a1214f459d33d205c8b,1,0,0,1
f000950527a6feb66d3e3b7bb42ff3a8eb3ac2de1b550004,19,8,3,8
f000950527a6feb66d419c0766e97a84b37d68d7ee9c3cff,2,1,1,0
f000950527a6feb66d641bad4a809da7bbdf92a0da74ea19,1,1,0,0
f000950527a6feb66d8a31aa01c1f556c485c3dae99af84d,1,0,1,0
f000950527a6feb66e473c62b0b7f3232239e31f91a4582f,1,1,0,0
f000950527a6feb66f14514ae82fea7e112523f29bff31c5,4,1,3,0
f000950527a6feb66f557a19f8dd3226391ff0b99562dd3a,3,0,3,0
f000950527a6feb670aa52a99473b9d2009f4e1011583aea,9,6,2,1
f000950527a6feb670c0370c6ae96770da23731a3484ec34,1,1,0,0
f000950527a6feb6714c5a2cfcd006ee5ffe01e7a133e1b6,7,0,7,0
f000950527a6feb67206e0682fa8b09dc7d9ae9c02867cb1,1,0,1,0
f000950527a6feb67332c2861e7456b2b897107a322e1e17,1,1,0,0
f000950527a6feb673bfe5043d889885dc939a84e51c761a,1,1,0,0
f000950527a6feb673e7b0214e9288e205c2aa2c8c4f7811,1,1,0,0
f000950527a6feb674725f9f9f10e1e248caae28c793b606,212,175,36,1
f000950527a6feb675e7b7451f76a7dc232d85e6f83c85ce,13,9,4,0
f000950527a6feb675eb086148941a40ea22853896559fe8,2,0,1,1
f000950527a6feb67602f76ae8b832b8a40fdd1cf1d0aefc,1,0,0,1
f000950527a6feb6762c129347fc7a7d3597208b0ebdf9ca,5,2,2,1
f000950527a6feb67630b229fe310370f0aae29e3eab13c7,5,1,4,0
f000950527a6feb67686b6319372deb8e76e919c5ff262f7,3,0,2,1
f000950527a6feb676e1ae75bd90a6dc508c76ecb018a5c5,1,1,0,0
f000950527a6feb6772a15f1fd8ff8193bfb690f0c849345,18,14,3,1
f000950527a6feb677f546a12382ce3ca6ce0dc44fd459b2,1,0,1,0
f000950527a6feb678301dcaab1ccc1d93fd9901ad029cc9,10,8,2,0
f000950527a6feb6783eb6951a62199778a5ee724674b10f,42,19,19,4
f000950527a6feb6793a77f44edb46f094ca1cae703a282a,18,5,13,0
f000950527a6feb67a84c97a3383dc7b6f7c802a97b8a039,1,0,1,0
f000950527a6feb67ce081d14d5cc5645560bd6ae1d10839,2,1,1,0
f000950527a6feb67db1224e9c4e967b37f40a286a359306,1,1,0,0
f000950527a6feb67db26bc5662fd607c07c73594f35642d,3,0,3,0
f000950527a6feb67eb3d9690ef60590708964cd6797ee4e,2,2,0,0
f000950527a6feb67eee3cd8382181598dee7bd121bba873,2,1,1,0
f000950527a6feb67fc73ae082f45fed18c8f215651db1f5,1,0,1,0
f000950527a6feb6800beaae0afc6caf9d5feef3066970ea,2,0,2,0
f000950527a6feb680b64c8e77dd39727ad5ece1a8b38e50,26,9,8,9
f000950527a6feb680d660f7d30b3ebcbffefedff03b7351,12,11,0,1
f000950527a6feb6825d6a9cb199823dfde0f407bc33935b,2,0,2,0
f000950527a6feb68347865d59f94aa1cb9ba5644c816017,15,14,1,0
f000950527a6feb6834d5f1f47c9a1e271413e8645d2309d,15,11,4,0
f000950527a6feb684f62722f5a04b7ee0eb54057da433ec,1,1,0,0
f000950527a6feb684f8438d0737fee8ba1a0d9eb996c986,1,1,0,0
f000950527a6feb6850c2c7c269b7f00ac978a76c67bbfd6,2,0,2,0
f000950527a6feb6855b9b777ec6e4eca7c6913d3c8f93aa,1,0,0,1
f000950527a6feb68660c871de6635c5ab7a9ed9f1f78bed,10,1,6,3
f000950527a6feb686db3b1ffcbe9296798c6c08956b7add,6,2,4,0
f000950527a6feb686e76c4adaf9be708409ea87c08e127d,1,1,0,0
f000950527a6feb6877d05d04049ec89db4409d68dd42a11,1,0,0,1
f000950527a6feb687ae9437a2634b0123e94c80be64adbe,80,5,73,2
f000950527a6feb688c34a7c15d66dfb4ba76a8cc3f757f4,3,0,2,1
f000950527a6feb6891a8c7d5bb8af4bcfaebfe4ccc87efb,4,2,0,2
f000950527a6feb6899698d3d114f3f011635eb018ff2a73,1,1,0,0
f000950527a6feb68a9f997e6e654c9f03f9f48ffd291803,2,2,0,0
f000950527a6feb68b00898303d85c1acacba29680c95c85,2,1,0,1
f000950527a6feb68b2de1c0fb54cf2919d4029742a7a1c4,4,0,4,0
f000950527a6feb68b2e5f4d32965c311924c57965ed8803,1,0,1,0
f000950527a6feb68be239c206e196e8eade2b665956c518,2,0,1,1
f000950527a6feb68c118f22f42c613a4edce93419001cf4,1,1,0,0
f000950527a6feb68d27034939ffbfa29eb53a0156eb957a,12,9,3,0
f000950527a6feb68d5d5f53f891ecc745c7952d53d310d7,3,0,3,0
f000950527a6feb68dfdc045b09ddcf134ed575f2dd8e208,1,1,0,0
f000950527a6feb68e6ea1464fddb749f4237d105ae0c390,1,0,1,0
f000950527a6feb68e7f4089961d1721df83118be8ed6041,2,0,2,0
f000950527a6feb68f0971b16adb44646a5f04ffa9f2ca57,1,1,0,0
f000950527a6feb68f2a9a2692d1e8c8324af66446805a0c,3,0,3,0
f000950527a6feb68f47436f0f03e4e09c75f8c3ee13e9ca,1,1,0,0
f000950527a6feb6901a756b3bb5977229b185ad31710215,1,0,1,0
f000950527a6feb69201262791d45e7ba83287e33884f2a5,2,2,0,0
f000950527a6feb692260058f5dd635bf021699904971689,2,0,2,0
f000950527a6feb6924071cd7ffd43b658cada82a8259e27,4,4,0,0
f000950527a6feb6924d49a5d44541f0577a56f3538f7129,1,0,1,0
f000950527a6feb6924f9fb13ed952e25425bfc7c0d952de,1,1,0,0
f000950527a6feb692fe2f601da181ab35ff0e774689ab27,3,0,1,2
f000950527a6feb6932dcf4a7a144c67eecf317e7b1a7434,3,3,0,0
f000950527a6feb693802ae97616054c3e5b5755fc8e47b7,1,0,1,0
f000950527a6feb693887f87753f3399c7a4ca2b10a593d1,1,1,0,0
f000950527a6feb694282d09c31f3d32d383fa28410f188b,2,2,0,0
f000950527a6feb695dcd3c23a827d59994372f2c8040b6f,2,1,1,0
f000950527a6feb6966c0b9433eddf2bc00b1b1f199d8f6a,1,0,1,0
f000950527a6feb696e897700df5314858b70476823c1aa7,16,10,5,1
f000950527a6feb696f8dcbd39e4e2210c05ad6c64de7fbb,5,5,0,0
f000950527a6feb698f1bc5ba560e91fd015cb385b85af8b,9,2,7,0
f000950527a6feb699c6feeb20aa4b2aff5300220723c8ca,15,15,0,0
f000950527a6feb69a30dbda3f944b777cac8e3858770312,1,0,1,0
f000950527a6feb69ae8625d553846546c9e9636447a6908,3,1,2,0
f000950527a6feb69b0c1c3a8464acbac8062d6291441f88,1,1,0,0
f000950527a6feb69ba94ed5b5ac8dd5d409a06ca0be1e3a,1,1,0,0
f000950527a6feb69bbd8b9fc38057cacdf734fd5b2ef563,1,1,0,0
f000950527a6feb69c0a17e358f8e89c53ec16c470e8859d,21,4,9,8
f000950527a6feb69ced164c206b810680f177a1e12f9c4b,2,0,2,0
f000950527a6feb69cef3fec7c031a9a761cf7ae797a7115,5,4,1,0
f000950527a6feb69d8bf58f6607259107077e4059ba3537,2,2,0,0
f000950527a6feb69e0963fa6935409b7221002e8879c24d,128,84,39,5
f000950527a6feb69e631608e4f6797a88f6a8b8e1d44539,10,5,5,0
f000950527a6feb69ea351e48351a711fb09bf1b83f04dfc,1,0,1,0
f000950527a6feb69ec0a61561ec7efe8fb7a04a3c4f37d0,4,2,1,1
f000950527a6feb69ee42522f98566e0dc10fad52fb7eb99,4,2,1,1
f000950527a6feb69f42b2bd5f257bfb1239051452901510,6,5,1,0
f000950527a6feb69fcea7f2b1438cf8947cfc6077392124,27,0,23,4
f000950527a6feb6a061a11a51dbeff373d9857a791894f1,6,6,0,0
f000950527a6feb6a0c1917f9bab4773768b293631717b9b,3,0,1,2
f000950527a6feb6a13bbc23ef6c93c81586177919b8f6aa,2,2,0,0
f000950527a6feb6a19c31cbb80ededc1c8875f9cd587428,1,1,0,0
f000950527a6feb6a23003bb46f04ad70f7582a03acbbfe0,2,0,2,0
f000950527a6feb6a2372051caad19841a12b34742f76bbe,1,1,0,0
f000950527a6feb6a26b99dacb70ebad5fbb75690b296f62,2,2,0,0
f000950527a6feb6a2d30918292ae212e45348ebc5f4e062,1,0,1,0
f000950527a6feb6a3611c6030fe25d6bb0d84693a8de1c1,6,1,4,1
f000950527a6feb6a3d64d1b1a0b6e41de56080ad8ac4e68,15,0,12,3
f000950527a6feb6a3e5db12921603ab7f44bcfd265bd5b1,50,31,17,2
f000950527a6feb6a3f58d1ee67276eaa68ea0c7c52435e7,1,1,0,0
f000950527a6feb6a4001d4d055bc17b81559375dfc8786d,73,63,9,1
f000950527a6feb6a510035a6355d5bb0f9a428da8120100,5,0,3,2
f000950527a6feb6a6450a974a092b9ac9557c6195e4bc5e,3,3,0,0
f000950527a6feb6a66b1063570e5331f62a4c389eb62245,3,0,3,0
f000950527a6feb6a6ac7e713f01383ee46714f6bcd0caf0,2,2,0,0
f000950527a6feb6a706eedcdd28ce495cc431882ba0f074,1,1,0,0
f000950527a6feb6a71b6f60116addb46642595d28e26234,1,0,0,1
f000950527a6feb6a805d13d51322b8bffa525cfab59b75e,1,1,0,0
f000950527a6feb6a83aeecc5a200c367e4f5bda23b91cf2,14,2,11,1
f000950527a6feb6a851fd7127f39ced1699cd6c6defbe7a,2,0,2,0
f000950527a6feb6a85f40291ad2034cfa791be938c32ffc,4,1,2,1
f000950527a6feb6a9102dfe021e1f034a8d53bb7380fd9e,1,0,1,0
f000950527a6feb6a9aed49cd978b4e4c3c2c8261213ee06,4,4,0,0
f000950527a6feb6a9f5107fa3de58e4e4d2619e5fc1eeca,1,1,0,0
f000950527a6feb6a9ff3b95b9ddc9b3393262477356bcb8,1,1,0,0
f000950527a6feb6ac219031b255efe26baf622d7fd3b748,3,3,0,0
f000950527a6feb6ae6db03a1a44a7217fa7f695a3a29bd2,4,4,0,0
f000950527a6feb6ae76133e9037a32d23e6c0a6926d4f5f,1,0,1,0
f000950527a6feb6af219288ee4fcda05e95a4298d82a0a2,1,1,0,0
f000950527a6feb6af81c98056e37c227757a362f89e9759,1,0,1,0
f000950527a6feb6b076010502a760d26e54213665da24d7,9,7,2,0
f000950527a6feb6b0c2206722052e12cf99711824ca2e0c,3,1,2,0
f000950527a6feb6b0fb3dbf039a5f11982db3042ad2c8b8,14,1,13,0
f000950527a6feb6b1cedd99a67ea0c20a3ce2ca11761489,780,598,167,15
f000950527a6feb6b1d6e6abdb22e53ed5bcbe0864824a41,2,2,0,0
f000950527a6feb6b1f2c6d015265bd7ba982c939e0238a7,5,0,5,0
f000950527a6feb6b20e707a3d139f4f7bad9eefb30ede02,1,0,1,0
f000950527a6feb6b4a772e2dd685d24e08e79a5dfbff98b,1,0,1,0
f000950527a6feb6b5787a382963d6de58aa6a168a022a5e,1,1,0,0
f000950527a6feb6b6360a65c8b69e52a2eafe1cc4ad8294,1,0,1,0
f000950527a6feb6b7050822f4ff222856c430eab47a5bc5,52,0,11,41
f000950527a6feb6b797bd333fd0aa4dbe468d4318296bd9,29,4,22,3
f000950527a6feb6b842c68448348a40250ec2ddaee80f88,1,1,0,0
f000950527a6feb6b901b56f6c590e8f1a1df2225f8d8060,1,0,1,0
f000950527a6feb6b903211df620989cae0ca4bce3b78684,9,3,6,0
f000950527a6feb6b99a7ef4a102f45c9d0261a2ae722e2e,20,18,2,0
f000950527a6feb6b9d3bf9e9a99e83d9f88e96b4d15d3b1,4,0,4,0
f000950527a6feb6ba87e96d0f0eaf14b8abe9ba6b0e6d35,2,2,0,0
f000950527a6feb6bad518dcf5fdc94210cb72effc59c9df,12,0,6,6
f000950527a6feb6bb6d9e28ad66095dc3fdb00886ab14f5,6,1,4,1
f000950527a6feb6bb85b785b77ef96f76ff99a4689590aa,1,0,1,0
f000950527a6feb6bba07a3daea919741541fe1ec5f1d0f9,2,2,0,0
f000950527a6feb6bc5d81f4b5b017d5a93a9096d0245eb1,1,0,0,1
f000950527a6feb6bc68e84ab24d8af646bcb30f2e97e1c8,1,1,0,0
f000950527a6feb6bcde844075d8a6ff9419b59188b2fd22,3,1,2,0
f000950527a6feb6bcef4b1cb99f719660b17b82a39586e9,2,0,2,0
f000950527a6feb6bd91c8f883b12371c84b1a3a642cc2ed,2,2,0,0
f000950527a6feb6be17e2c319402ec162bcfd521f7eccfc,2,2,0,0
f000950527a6feb6c0029e6bec9ac7a7ece6218bd23bd085,1,0,1,0
f000950527a6feb6c09edfad978a0193ef6e0f7aa6d04a89,1,0,1,0
f000950527a6feb6c0d55b5be0d188df3e1380d03b8e4cc0,3,0,0,3
f000950527a6feb6c0db441978864a6a0f04668a61d0bab6,202,42,129,31
f000950527a6feb6c1352b124dcaed23578adc7d0f5d5c33,8,0,1,7
f000950527a6feb6c1589b03ab31b2a865cce7d62c5f6584,14,9,4,1
f000950527a6feb6c20a0bfc274d3d7c7f8c77230c13b48a,1,0,1,0
f000950527a6feb6c26850574b3982f51d96b3f5fb511811,19,1,7,11
f000950527a6feb6c27d3632f375a175e917f54a9bc33198,1,1,0,0
f000950527a6feb6c296eca7091876ac6cba7097c9c7d2ee,272,141,115,16
f000950527a6feb6c35c5bbc7269cc34113d3f13351084d8,4,4,0,0
f000950527a6feb6c37c09d2b79971b9e0363dc525212e84,2,0,1,1
f000950527a6feb6c38fa0b71776d6f25a02a4218c0bc1c4,5,4,1,0
f000950527a6feb6c3b0c320aae73b01ecb2d85559ccb273,2,2,0,0
f000950527a6feb6c3be86076ad57de17e6ce7b876941026,15,15,0,0
f000950527a6feb6c3e9b11bdd72412aa8c084bbd8627965,13,11,2,0
f000950527a6feb6c4a14a0cf5326b2c9df5b1ab9a1f8c63,4,4,0,0
f000950527a6feb6c4ee4319bc26b6d05b88b6ed771ca137,39,26,12,1
f000950527a6feb6c54c7f2a93c6ee5e14443a902ef2b6f4,2,1,1,0
f000950527a6feb6c5779fff5818968b31167659c46ddc59,17,1,14,2
f000950527a6feb6c580f1499450b638237af41ffc6757c1,2,2,0,0
f000950527a6feb6c5ff4b2f20bd1e3c7e56d4128f66589d,28,0,27,1
f000950527a6feb6c64ac7d8b370f87bd48fe4c38394a7c8,3,2,1,0
f000950527a6feb6c6bbe31490a64744e7686eba34c0bf20,1,0,1,0
f000950527a6feb6c866cbbe5ff1422c0ac5147e052d0df8,1,1,0,0
f000950527a6feb6c9b671b0621eb82a3a7e2b29dee71ebe,12,1,6,5
f000950527a6feb6c9eb762352ded8a58c5a1c0276788df2,6,6,0,0
f000950527a6feb6ca04e4052f3c1ac35323b9d53c0e5cd8,35,1,25,9
f000950527a6feb6cacf36be297d9c3c0e400974201460c8,25,11,8,6
f000950527a6feb6cc339c4392bc5b8f7e0b2a796e445d77,2,2,0,0
f000950527a6feb6cc506b28ec613fbe648c5d15dce6bbb6,3,2,1,0
f000950527a6feb6ccdabd7c4bc6ff18e6701dbdd0f94fea,5,0,5,0
f000950527a6feb6cd3e3354c3522e0cf6b6538a44f420c7,1,0,1,0
f000950527a6feb6ce8fa4c72e0767a64089b20a703eedfb,1,0,0,1
f000950527a6feb6cf0e0c657f22927ebf8bc3f56f9fb2fb,1,1,0,0
f000950527a6feb6cf3fb0ad6dd31d5790bde64c1fff6530,2,2,0,0
f000950527a6feb6cff877663459ee6a7762cc1d87dab012,3,3,0,0
f000950527a6feb6cffedb80a271e8516246dcc1045931f0,11,10,1,0
f000950527a6feb6d0bb2484d9c9c490d115c0fd3ee3fc2d,24,6,9,9
f000950527a6feb6d23e6444eb4054dfebdd91d6bd85b012,1,0,1,0
f000950527a6feb6d279b1521a961598c6b64770e523bc8f,1,1,0,0
f000950527a6feb6d2c17ff883d4247a6c7edce452548450,5,2,3,0
f000950527a6feb6d36f85f9ece2c15280795ba805701725,1,0,1,0
f000950527a6feb6d3f31492f0e43b8b1190b0a2cdf8caef,1,0,1,0
f000950527a6feb6d3fab8691693dc5f61eeecab499a2cf0,13,13,0,0
f000950527a6feb6d440d6eb35408b379795d7a9a3a6a540,12,8,4,0
f000950527a6feb6d466da59cc7e50cd1e671a37fb792771,5,3,2,0
f000950527a6feb6d4a459bb77d207c31391c73c4a935c58,61,7,42,12
f000950527a6feb6d4bbacdd1e86ae3919553a0e0e954ee8,20,5,14,1
f000950527a6feb6d4c16d6a357cd6279db116cb304fb685,25,21,3,1
f000950527a6feb6d4ee12aea802d533ec17b343534e7256,5,0,4,1
f000950527a6feb6d6c38548a68453dbbae0b429e066e447,38,6,10,22
f000950527a6feb6d702eb80a0dcab14c66f5722065b745c,1,1,0,0
f000950527a6feb6d71de3382afa0bc5ff87bb65477f698a,2,2,0,0
f000950527a6feb6d73714e0e07ac50d82cf591c9d1ca2c2,1,0,1,0
f000950527a6feb6d80bb6ad694bb535d250b132f79217f9,1,1,0,0
f000950527a6feb6d85ae9678c248c26dc218599778f6954,1,0,1,0
f000950527a6feb6d8c47c0c524926e07caf0b287af9966d,1,1,0,0
f000950527a6feb6d925c7bc9a9d86e5ca582bb6d522e235,1,0,1,0
f000950527a6feb6d98e75fddc9cce861db12fddfa5eeac4,5,4,1,0
f000950527a6feb6da00983dfc054078ce7f0b48e323b542,1,1,0,0
f000950527a6feb6da453974303c4c71c3f2cf7ecb5e5962,2,2,0,0
f000950527a6feb6da7d610b2ffb6f2c41b6c8727d2a7d81,2,0,0,2
f000950527a6feb6dacbd3f27992880f33d5c0569a4ccfbb,21,11,10,0
f000950527a6feb6dade3fa582bc88cb256cb9203d4ea2e4,3,2,1,0
f000950527a6feb6daf05fac23fe6e70c63376695bea4945,1,1,0,0
f000950527a6feb6db485014e85605afb86494ae86b059c0,1,1,0,0
f000950527a6feb6db8b6042f9e4c198acbf3146d6fa16ff,3,2,1,0
f000950527a6feb6dca22da19e4b9f4824e422a5e227eb0d,2,0,2,0
f000950527a6feb6dcf99270c0ffee14943b9207eb945fd3,1,1,0,0
f000950527a6feb6de489447885cd6d18f593ec2674174ac,3,0,2,1
f000950527a6feb6de51ea360114a568cdf17a9519928bac,22,20,2,0
f000950527a6feb6df1fc8ef1cfbd10c3737927994319b29,1,0,1,0
f000950527a6feb6df40c8d7e9fce635b8a8522137506b66,1,0,1,0
f000950527a6feb6dfd2b0a1b72c3784a6d1761a4ee6b440,2,2,0,0
f000950527a6feb6e0394a371d5c9b9ecb151a084059b620,1,0,1,0
f000950527a6feb6e05837314aace6702deefd277f483d53,1,0,1,0
f000950527a6feb6e086ffac9a9d4ddcd7e9dd681c611c12,1,1,0,0
f000950527a6feb6e0d4702eeff45c819e8a33cfb55764b7,1,1,0,0
f000950527a6feb6e2499d997d5f6f583a5ee53731a04eba,1,0,1,0
f000950527a6feb6e37644fd41470c3b2d5aaaeb67ee4cfc,12,9,3,0
f000950527a6feb6e5415a43ff94b592f6bebbf30d63b628,5,4,0,1
f000950527a6feb6e5554e0c34f2fb2058439545f1966671,2,2,0,0
f000950527a6feb6e65ee1da8bb3628f4113f85bbd7450e9,3,0,3,0
f000950527a6feb6e6cad31938b54ff89488313639971a16,57,57,0,0
f000950527a6feb6e6f129195b7b1af8ff30c0d491419cac,22,0,18,4
f000950527a6feb6e73e21a07d170a6791e753c36c636fad,1,1,0,0
f000950527a6feb6e7aa91b6ccee10481a9be6f3e4840a05,1,0,1,0
f000950527a6feb6e809de0b86cbbaa4243b64abf64f7d19,1,0,1,0
f000950527a6feb6e8114e26ad06816f5671cfcd72a39be3,2,0,2,0
f000950527a6feb6e856468300290e200429d5633a98e6e4,5,2,2,1
f000950527a6feb6e870f49c962f8e2a2908499e273dfc99,8,0,1,7
f000950527a6feb6e8af0f43f56f7caec1853502d29f5005,2,0,1,1
f000950527a6feb6e8bd9919e2ca363359bcfa997a0f9de7,2,0,1,1
f000950527a6feb6e95cff56e32d318bd7399f66fe1d67a1,3,3,0,0
f000950527a6feb6e9950f714fe56c1c9178ea11496f31ff,124,63,57,4
f000950527a6feb6e9cdefd8695caa82d8bc8d980275b524,9,8,0,1
f000950527a6feb6e9d50301e7a9c836de76545f35fcf6d2,2,0,1,1
f000950527a6feb6ea3985c82f772817ff202ba176161629,12,7,5,0
f000950527a6feb6ead67eec1370810927a88e0caa2cbb86,1,0,1,0
f000950527a6feb6ec025b4e45003898cc7d05f29305f7ed,1,0,1,0
f000950527a6feb6ecf20e72916b67f6eeedb06083745ca8,7,4,2,1
f000950527a6feb6ed07b7436100cc332034dfdcbdb68e73,1,0,1,0
f000950527a6feb6ed07d6847be1d9827030518a4124c756,10,5,5,0
f000950527a6feb6ed5af4143daf8360c58019cf3df9b3b7,1,0,0,1
f000950527a6feb6edf60ccc9d7ad64d3e187a37fadd2cf6,2,1,1,0
f000950527a6feb6ee566b0d22a8dce147b30e7c4ac80ea9,46,19,24,3
f000950527a6feb6eea5d14b64f538bde1ddd1b8cb2bd9c9,2,0,1,1
f000950527a6feb6ef6d6c524e10ca0802c4007d7e196f5f,5,0,5,0
f000950527a6feb6efc0db5ad551d3b66cb269789c8cd193,3,0,0,3
f000950527a6feb6f0dc5d7615f483ff0394ede80dcc0e48,3,2,1,0
f000950527a6feb6f0f1ded7dd04ca27d489aeb325b0ed43,66,28,34,4
f000950527a6feb6f16d34b2a6b30955cf157698694adc20,190,42,89,59
f000950527a6feb6f18ec4e08e15d8229b464af40b93972c,1,0,1,0
f000950527a6feb6f1a38b78fb916d5ea3ec4b3839accaff,2,0,2,0
f000950527a6feb6f1cca41a86a6258c5ace85749c13c65e,17,9,7,1
f000950527a6feb6f24a4e647957e3e455370d1e6a5f424c,6,5,1,0
f000950527a6feb6f35e294da3b7f481b27501ae8ec8a9ef,6,0,4,2
f000950527a6feb6f462492459ae2d737bdc86a2a91eb99f,2,0,2,0
f000950527a6feb6f68d973959758e932569499a2abea1bc,1,1,0,0
f000950527a6feb6f693b2fc993c5c0a02d773544c24b5b3,1,0,1,0
f000950527a6feb6f6c0ce27ee45cf9a21d8d05931dc256e,28,0,0,28
f000950527a6feb6f700b7902169db7d6969d3bf1a445902,23,17,5,1
f000950527a6feb6f71bdf8b9fdcf94fd8d52b807a155b59,18,14,2,2
f000950527a6feb6f80b8eb55a984fe6c571366080e364bb,1,0,1,0
f000950527a6feb6f932a61474069fc8e6328cd9099bdc49,3,2,1,0
f000950527a6feb6f93927f1936d9c27c5049f677c790499,32,21,5,6
f000950527a6feb6f9da71a4aac6df8fdfba8f03b4511d01,6,4,2,0
f000950527a6feb6fa6bfc4fe01a9ae5dc3880b78f177c88,92,69,22,1
f000950527a6feb6faa17dab8315e5aa11ef885a6f76ce0f,2,2,0,0
f000950527a6feb6fafe1984a35fff77ae30159542ec8e5d,2,0,2,0
f000950527a6feb6fbb0e97494afde3b8d43254abcd25359,5,2,3,0
f000950527a6feb6fc1e448084f3078b1342fa52a4b2ff30,35,31,4,0
f000950527a6feb6fd127171a15f772bd4f135cfc783824c,1,0,1,0
f000950527a6feb6fd2d6dcc24a3644398fed3033c06d7bd,19,18,1,0
f000950527a6feb6fd978de5c7f13afc9473089a63c1d3fc,3,2,1,0
f000950527a6feb6fddefb42e3c3dc1932fc8c5fae14afbb,1,0,1,0
f000950527a6feb6fe8f4850e9eb04e8ba3fa3b409725ef3,9,7,2,0
f000950527a6feb6ff749dc50c7bf46b37b74e36ce38d1a4,1,0,0,1
f000950527a6feb6ff7cdb55f5e64a477c499dd75137ae6b,2,2,0,0
f000950527a6feb6ff839cdf509ebb7631857e6e363fedd6,2,0,1,1
